id,type,amount,description,timestamp
5623749321481400,SALARY,150.00,Salary for GUARD Guard-1,2026-05-21T17:07:44.7407263
5623749323075600,SALARY,150.00,Salary for GUARD Guard-2,2026-05-21T17:07:44.74273
5623749324292000,SALARY,150.00,Salary for GUARD Guard-3,2026-05-21T17:07:44.7437275
5623749325143800,SALARY,150.00,Salary for TECHNICIAN Tech-1,2026-05-21T17:07:44.7447325
5623749328798200,SALARY,150.00,Salary for TECHNICIAN Tech-2,2026-05-21T17:07:44.7471008
5623749329837400,SALARY,150.00,Salary for GUARD Guard-1,2026-05-21T17:07:44.7471008
5623749331207000,SALARY,150.00,Salary for GUARD Guard-2,2026-05-21T17:07:44.7471008
5623749332077500,SALARY,150.00,Salary for GUARD Guard-3,2026-05-21T17:07:44.7471008
5623749333637000,SALARY,150.00,Salary for TECHNICIAN Tech-1,2026-05-21T17:07:44.7534067
5623749334796400,SALARY,150.00,Salary for TECHNICIAN Tech-2,2026-05-21T17:07:44.7544023
5623749338770100,SALARY,150.00,Salary for GUARD Guard-1,2026-05-21T17:07:44.7584016
5623749339688600,SALARY,150.00,Salary for GUARD Guard-2,2026-05-21T17:07:44.7594068
5623749340916700,SALARY,150.00,Salary for GUARD Guard-3,2026-05-21T17:07:44.7604026
5623749341821800,SALARY,150.00,Salary for TECHNICIAN Tech-1,2026-05-21T17:07:44.761409
5623749343389700,SALARY,150.00,Salary for TECHNICIAN Tech-2,2026-05-21T17:07:44.7634049
5623749344775300,SALARY,150.00,Salary for GUARD Guard-1,2026-05-21T17:07:44.7644023
5623749349561100,SALARY,150.00,Salary for GUARD Guard-2,2026-05-21T17:07:44.7672647
5623749351146700,SALARY,150.00,Salary for GUARD Guard-3,2026-05-21T17:07:44.770942
5623749351895000,SALARY,150.00,Salary for TECHNICIAN Tech-1,2026-05-21T17:07:44.770942
5623749352542200,SALARY,150.00,Salary for TECHNICIAN Tech-2,2026-05-21T17:07:44.7719393
5623749354106400,SALARY,150.00,Salary for GUARD Guard-1,2026-05-21T17:07:44.773944
5623749354769800,SALARY,150.00,Salary for GUARD Guard-2,2026-05-21T17:07:44.773944
5623749356662400,SALARY,150.00,Salary for GUARD Guard-3,2026-05-21T17:07:44.7759636
5623749357924900,SALARY,150.00,Salary for TECHNICIAN Tech-1,2026-05-21T17:07:44.7779394
5623749358844200,SALARY,150.00,Salary for TECHNICIAN Tech-2,2026-05-21T17:07:44.7779394
5623749359841100,SALARY,150.00,Salary for GUARD Guard-1,2026-05-21T17:07:44.7789399
5623749360707900,SALARY,150.00,Salary for GUARD Guard-2,2026-05-21T17:07:44.7799413
5623749364241200,SALARY,150.00,Salary for GUARD Guard-3,2026-05-21T17:07:44.7822632
5623749364919000,SALARY,150.00,Salary for TECHNICIAN Tech-1,2026-05-21T17:07:44.7822632
5623749366810400,SALARY,150.00,Salary for TECHNICIAN Tech-2,2026-05-21T17:07:44.7858466
5623749368712300,SALARY,150.00,Salary for GUARD Guard-1,2026-05-21T17:07:44.7878514
5623749369870700,SALARY,150.00,Salary for GUARD Guard-2,2026-05-21T17:07:44.7898537
5623749373148800,SALARY,150.00,Salary for GUARD Guard-3,2026-05-21T17:07:44.7928491
5623749374009900,SALARY,150.00,Salary for TECHNICIAN Tech-1,2026-05-21T17:07:44.793854
5623749374895700,SALARY,150.00,Salary for TECHNICIAN Tech-2,2026-05-21T17:07:44.7948537
5623749375904000,SALARY,150.00,Salary for GUARD Guard-1,2026-05-21T17:07:44.7958518
5623749376615600,SALARY,150.00,Salary for GUARD Guard-2,2026-05-21T17:07:44.7958518
5623749377246400,SALARY,150.00,Salary for GUARD Guard-3,2026-05-21T17:07:44.7968518
5623749379825400,SALARY,150.00,Salary for TECHNICIAN Tech-1,2026-05-21T17:07:44.7987761
5623749380655000,SALARY,150.00,Salary for TECHNICIAN Tech-2,2026-05-21T17:07:44.7987761
5623749382007000,SALARY,150.00,Salary for GUARD Guard-1,2026-05-21T17:07:44.7987761
5623749383522400,SALARY,150.00,Salary for GUARD Guard-2,2026-05-21T17:07:44.8033983
5623749384267700,SALARY,150.00,Salary for GUARD Guard-3,2026-05-21T17:07:44.8033983
5623749385074000,SALARY,150.00,Salary for TECHNICIAN Tech-1,2026-05-21T17:07:44.8043946
5623749385910100,SALARY,150.00,Salary for TECHNICIAN Tech-2,2026-05-21T17:07:44.8053998
5623749387559600,SALARY,150.00,Salary for GUARD Guard-1,2026-05-21T17:07:44.8074112
5623749388749200,SALARY,150.00,Salary for GUARD Guard-2,2026-05-21T17:07:44.808392
5623749389350900,SALARY,150.00,Salary for GUARD Guard-3,2026-05-21T17:07:44.808392
5623749390194000,SALARY,150.00,Salary for TECHNICIAN Tech-1,2026-05-21T17:07:44.8093916
5623749390854800,SALARY,150.00,Salary for TECHNICIAN Tech-2,2026-05-21T17:07:44.8103918
5623749391935200,SALARY,150.00,Salary for GUARD Guard-1,2026-05-21T17:07:44.8113924
5623749392488700,SALARY,150.00,Salary for GUARD Guard-2,2026-05-21T17:07:44.8123932
5623749393726100,SALARY,150.00,Salary for GUARD Guard-3,2026-05-21T17:07:44.813393
5623749396270200,SALARY,150.00,Salary for TECHNICIAN Tech-1,2026-05-21T17:07:44.8158118
5623749397664200,SALARY,150.00,Salary for TECHNICIAN Tech-2,2026-05-21T17:07:44.8158118
5623749401757600,SALARY,150.00,Salary for GUARD Guard-1,2026-05-21T17:07:44.8210456
5623749402721900,SALARY,150.00,Salary for GUARD Guard-2,2026-05-21T17:07:44.8220493
5623749405414300,SALARY,150.00,Salary for GUARD Guard-3,2026-05-21T17:07:44.8250559
5623749414290800,SALARY,150.00,Salary for TECHNICIAN Tech-1,2026-05-21T17:07:44.8330618
5623749414912400,SALARY,150.00,Salary for TECHNICIAN Tech-2,2026-05-21T17:07:44.8330618
5623749416910000,SALARY,150.00,Salary for GUARD Guard-1,2026-05-21T17:07:44.8367177
5623749418004300,SALARY,150.00,Salary for GUARD Guard-2,2026-05-21T17:07:44.8377097
5623749418737400,SALARY,150.00,Salary for GUARD Guard-3,2026-05-21T17:07:44.8387118
5623749419687200,SALARY,150.00,Salary for TECHNICIAN Tech-1,2026-05-21T17:07:44.8387118
5623749420533800,SALARY,150.00,Salary for TECHNICIAN Tech-2,2026-05-21T17:07:44.8397114
5623749421392000,SALARY,150.00,Salary for GUARD Guard-1,2026-05-21T17:07:44.8407115
5623749423111200,SALARY,150.00,Salary for GUARD Guard-2,2026-05-21T17:07:44.8427121
5623749423553800,SALARY,150.00,Salary for GUARD Guard-3,2026-05-21T17:07:44.8427121
5623749423891900,SALARY,150.00,Salary for TECHNICIAN Tech-1,2026-05-21T17:07:44.8437142
5623749424204100,SALARY,150.00,Salary for TECHNICIAN Tech-2,2026-05-21T17:07:44.8437142
5623749425770700,SALARY,150.00,Salary for GUARD Guard-1,2026-05-21T17:07:44.8457086
5623749426236300,SALARY,150.00,Salary for GUARD Guard-2,2026-05-21T17:07:44.8457086
5623749426618900,SALARY,150.00,Salary for GUARD Guard-3,2026-05-21T17:07:44.8457086
5623749427032200,SALARY,150.00,Salary for TECHNICIAN Tech-1,2026-05-21T17:07:44.846713
5623749427739000,SALARY,150.00,Salary for TECHNICIAN Tech-2,2026-05-21T17:07:44.8477103
5623749429959700,SALARY,150.00,Salary for GUARD Guard-1,2026-05-21T17:07:44.8494467
5623749430555200,SALARY,150.00,Salary for GUARD Guard-2,2026-05-21T17:07:44.8494467
5623749431300100,SALARY,150.00,Salary for GUARD Guard-3,2026-05-21T17:07:44.8494467
5623749431786500,SALARY,150.00,Salary for TECHNICIAN Tech-1,2026-05-21T17:07:44.8494467
5623749432146200,SALARY,150.00,Salary for TECHNICIAN Tech-2,2026-05-21T17:07:44.8494467
5623749434687000,SALARY,150.00,Salary for GUARD Guard-1,2026-05-21T17:07:44.8540421
5623749435293600,SALARY,150.00,Salary for GUARD Guard-2,2026-05-21T17:07:44.8550412
5623749435670800,SALARY,150.00,Salary for GUARD Guard-3,2026-05-21T17:07:44.8550412
5623749436116000,SALARY,150.00,Salary for TECHNICIAN Tech-1,2026-05-21T17:07:44.8560436
5623749436617800,SALARY,150.00,Salary for TECHNICIAN Tech-2,2026-05-21T17:07:44.8560436
5623749437481400,SALARY,150.00,Salary for GUARD Guard-1,2026-05-21T17:07:44.8570451
5623749438044500,SALARY,150.00,Salary for GUARD Guard-2,2026-05-21T17:07:44.8580445
5623749438772700,SALARY,150.00,Salary for GUARD Guard-3,2026-05-21T17:07:44.8580445
5623749439450300,SALARY,150.00,Salary for TECHNICIAN Tech-1,2026-05-21T17:07:44.8590748
5623749439819900,SALARY,150.00,Salary for TECHNICIAN Tech-2,2026-05-21T17:07:44.8590748
5623749440477700,SALARY,150.00,Salary for GUARD Guard-1,2026-05-21T17:07:44.8600429
5623749440915100,SALARY,150.00,Salary for GUARD Guard-2,2026-05-21T17:07:44.8600429
5623749441299800,SALARY,150.00,Salary for GUARD Guard-3,2026-05-21T17:07:44.8610434
5623749441654600,SALARY,150.00,Salary for TECHNICIAN Tech-1,2026-05-21T17:07:44.8610434
5623749442364900,SALARY,150.00,Salary for TECHNICIAN Tech-2,2026-05-21T17:07:44.8620417
5623749443258900,SALARY,150.00,Salary for GUARD Guard-1,2026-05-21T17:07:44.8630424
5623749443979300,SALARY,150.00,Salary for GUARD Guard-2,2026-05-21T17:07:44.8630424
5623749447246400,SALARY,150.00,Salary for GUARD Guard-3,2026-05-21T17:07:44.8661931
5623749448490700,SALARY,150.00,Salary for TECHNICIAN Tech-1,2026-05-21T17:07:44.8661931
5623749450056100,SALARY,150.00,Salary for TECHNICIAN Tech-2,2026-05-21T17:07:44.8697106
5623749451508200,SALARY,150.00,Salary for GUARD Guard-1,2026-05-21T17:07:44.870713
5623749452146300,SALARY,150.00,Salary for GUARD Guard-2,2026-05-21T17:07:44.8717144
5623749452974700,SALARY,150.00,Salary for GUARD Guard-3,2026-05-21T17:07:44.8727107
5623749453798400,SALARY,150.00,Salary for TECHNICIAN Tech-1,2026-05-21T17:07:44.8737108
5623749454549200,SALARY,150.00,Salary for TECHNICIAN Tech-2,2026-05-21T17:07:44.8737108
5623749456484600,SALARY,150.00,Salary for GUARD Guard-1,2026-05-21T17:07:44.8757295
5623749457223500,SALARY,150.00,Salary for GUARD Guard-2,2026-05-21T17:07:44.8767144
5623749457710600,SALARY,150.00,Salary for GUARD Guard-3,2026-05-21T17:07:44.8777114
5623749458393900,SALARY,150.00,Salary for TECHNICIAN Tech-1,2026-05-21T17:07:44.8777114
5623749459011800,SALARY,150.00,Salary for TECHNICIAN Tech-2,2026-05-21T17:07:44.87871
5623749460043600,SALARY,150.00,Salary for GUARD Guard-1,2026-05-21T17:07:44.8797105
5623749460771000,SALARY,150.00,Salary for GUARD Guard-2,2026-05-21T17:07:44.8807094
5623749462115300,SALARY,150.00,Salary for GUARD Guard-3,2026-05-21T17:07:44.881712
5623749463083300,SALARY,150.00,Salary for TECHNICIAN Tech-1,2026-05-21T17:07:44.8825308
5623749464370000,SALARY,150.00,Salary for TECHNICIAN Tech-2,2026-05-21T17:07:44.8825308
5623749466203100,SALARY,150.00,Salary for GUARD Guard-1,2026-05-21T17:07:44.8857042
5623749467341200,SALARY,150.00,Salary for GUARD Guard-2,2026-05-21T17:07:44.8867058
5623749468150100,SALARY,150.00,Salary for GUARD Guard-3,2026-05-21T17:07:44.887702
5623749468808300,SALARY,150.00,Salary for TECHNICIAN Tech-1,2026-05-21T17:07:44.8887004
5623749469868600,SALARY,150.00,Salary for TECHNICIAN Tech-2,2026-05-21T17:07:44.8896995
5623749472545000,SALARY,150.00,Salary for GUARD Guard-1,2026-05-21T17:07:44.8917272
5623749473024100,SALARY,150.00,Salary for GUARD Guard-2,2026-05-21T17:07:44.892703
5623749473392100,SALARY,150.00,Salary for GUARD Guard-3,2026-05-21T17:07:44.892703
5623749473739400,SALARY,150.00,Salary for TECHNICIAN Tech-1,2026-05-21T17:07:44.8937037
5623749474074200,SALARY,150.00,Salary for TECHNICIAN Tech-2,2026-05-21T17:07:44.8937037
5623749474678200,SALARY,150.00,Salary for GUARD Guard-1,2026-05-21T17:07:44.8937037
5623749475042200,SALARY,150.00,Salary for GUARD Guard-2,2026-05-21T17:07:44.8947022
5623749475337600,SALARY,150.00,Salary for GUARD Guard-3,2026-05-21T17:07:44.8947022
5623749475612700,SALARY,150.00,Salary for TECHNICIAN Tech-1,2026-05-21T17:07:44.8947022
5623749475957300,SALARY,150.00,Salary for TECHNICIAN Tech-2,2026-05-21T17:07:44.8957037
5623749476484500,SALARY,150.00,Salary for GUARD Guard-1,2026-05-21T17:07:44.8957037
5623749476806800,SALARY,150.00,Salary for GUARD Guard-2,2026-05-21T17:07:44.8967032
5623749477092900,SALARY,150.00,Salary for GUARD Guard-3,2026-05-21T17:07:44.8967032
5623749477370500,SALARY,150.00,Salary for TECHNICIAN Tech-1,2026-05-21T17:07:44.8967032
5623749477633800,SALARY,150.00,Salary for TECHNICIAN Tech-2,2026-05-21T17:07:44.8967032
5623749481508400,SALARY,150.00,Salary for GUARD Guard-1,2026-05-21T17:07:44.8994535
5623749482002400,SALARY,150.00,Salary for GUARD Guard-2,2026-05-21T17:07:44.8994535
5623749483028900,SALARY,150.00,Salary for GUARD Guard-3,2026-05-21T17:07:44.9024001
5623749484002900,SALARY,150.00,Salary for TECHNICIAN Tech-1,2026-05-21T17:07:44.9034119
5623749484430600,SALARY,150.00,Salary for TECHNICIAN Tech-2,2026-05-21T17:07:44.9044021
5623749485025800,SALARY,150.00,Salary for GUARD Guard-1,2026-05-21T17:07:44.9044021
5623749485464700,SALARY,150.00,Salary for GUARD Guard-2,2026-05-21T17:07:44.9053992
5623749485965700,SALARY,150.00,Salary for GUARD Guard-3,2026-05-21T17:07:44.9053992
5623749486316900,SALARY,150.00,Salary for TECHNICIAN Tech-1,2026-05-21T17:07:44.9053992
5623749486716100,SALARY,150.00,Salary for TECHNICIAN Tech-2,2026-05-21T17:07:44.9064021
5623749487390400,SALARY,150.00,Salary for GUARD Guard-1,2026-05-21T17:07:44.9074009
5623749488070900,SALARY,150.00,Salary for GUARD Guard-2,2026-05-21T17:07:44.9074009
5623749489103400,SALARY,150.00,Salary for GUARD Guard-3,2026-05-21T17:07:44.9084374
5623749489485000,SALARY,150.00,Salary for TECHNICIAN Tech-1,2026-05-21T17:07:44.909401
5623749489817500,SALARY,150.00,Salary for TECHNICIAN Tech-2,2026-05-21T17:07:44.909401
5623749490381000,SALARY,150.00,Salary for GUARD Guard-1,2026-05-21T17:07:44.909401
5623749491389800,SALARY,150.00,Salary for GUARD Guard-2,2026-05-21T17:07:44.9113999
5623749492200000,SALARY,150.00,Salary for GUARD Guard-3,2026-05-21T17:07:44.9113999
5623749493030000,SALARY,150.00,Salary for TECHNICIAN Tech-1,2026-05-21T17:07:44.9123986
5623749493619900,SALARY,150.00,Salary for TECHNICIAN Tech-2,2026-05-21T17:07:44.9134022
5623749495448300,SALARY,150.00,Salary for GUARD Guard-1,2026-05-21T17:07:44.9153983
5623749497392800,SALARY,150.00,Salary for GUARD Guard-2,2026-05-21T17:07:44.9158425
5623749498525700,SALARY,150.00,Salary for GUARD Guard-3,2026-05-21T17:07:44.9158425
5623749500741300,SALARY,150.00,Salary for TECHNICIAN Tech-1,2026-05-21T17:07:44.9200557
5623749501461500,SALARY,150.00,Salary for TECHNICIAN Tech-2,2026-05-21T17:07:44.9210549
5623749502256300,SALARY,150.00,Salary for GUARD Guard-1,2026-05-21T17:07:44.9220557
5623749502980900,SALARY,150.00,Salary for GUARD Guard-2,2026-05-21T17:07:44.9220557
5623749503384400,SALARY,150.00,Salary for GUARD Guard-3,2026-05-21T17:07:44.9230558
5623749503819400,SALARY,150.00,Salary for TECHNICIAN Tech-1,2026-05-21T17:07:44.9230558
5623749504188000,SALARY,150.00,Salary for TECHNICIAN Tech-2,2026-05-21T17:07:44.9240568
5623749505813100,SALARY,150.00,Salary for GUARD Guard-1,2026-05-21T17:07:44.9250756
5623749506384100,SALARY,150.00,Salary for GUARD Guard-2,2026-05-21T17:07:44.926055
5623749506784400,SALARY,150.00,Salary for GUARD Guard-3,2026-05-21T17:07:44.926055
5623749507221500,SALARY,150.00,Salary for TECHNICIAN Tech-1,2026-05-21T17:07:44.9270556
5623749507808800,SALARY,150.00,Salary for TECHNICIAN Tech-2,2026-05-21T17:07:44.9270556
5623749508637200,SALARY,150.00,Salary for GUARD Guard-1,2026-05-21T17:07:44.9280548
5623749509104300,SALARY,150.00,Salary for GUARD Guard-2,2026-05-21T17:07:44.9290553
5623749509453400,SALARY,150.00,Salary for GUARD Guard-3,2026-05-21T17:07:44.9290553
5623749509747900,SALARY,150.00,Salary for TECHNICIAN Tech-1,2026-05-21T17:07:44.9290553
5623749510064500,SALARY,150.00,Salary for TECHNICIAN Tech-2,2026-05-21T17:07:44.9300554
5623749510750000,SALARY,150.00,Salary for GUARD Guard-1,2026-05-21T17:07:44.9300554
5623749511276900,SALARY,150.00,Salary for GUARD Guard-2,2026-05-21T17:07:44.9310586
5623749511745900,SALARY,150.00,Salary for GUARD Guard-3,2026-05-21T17:07:44.9310586
5623749512756700,SALARY,150.00,Salary for TECHNICIAN Tech-1,2026-05-21T17:07:44.9320572
5623749513437300,SALARY,150.00,Salary for TECHNICIAN Tech-2,2026-05-21T17:07:44.9334561
5623749517125200,SALARY,150.00,Salary for GUARD Guard-1,2026-05-21T17:07:44.936732
5623749517673700,SALARY,150.00,Salary for GUARD Guard-2,2026-05-21T17:07:44.936732
5623749518036600,SALARY,150.00,Salary for GUARD Guard-3,2026-05-21T17:07:44.9377211
5623749518409800,SALARY,150.00,Salary for TECHNICIAN Tech-1,2026-05-21T17:07:44.9377211
5623749518804000,SALARY,150.00,Salary for TECHNICIAN Tech-2,2026-05-21T17:07:44.9387212
5623749519486300,SALARY,150.00,Salary for GUARD Guard-1,2026-05-21T17:07:44.9387212
5623749519882600,SALARY,150.00,Salary for GUARD Guard-2,2026-05-21T17:07:44.9397201
5623749520216300,SALARY,150.00,Salary for GUARD Guard-3,2026-05-21T17:07:44.9397201
5623749520596000,SALARY,150.00,Salary for TECHNICIAN Tech-1,2026-05-21T17:07:44.9397201
5623749520949900,SALARY,150.00,Salary for TECHNICIAN Tech-2,2026-05-21T17:07:44.940721
5623749521623000,SALARY,150.00,Salary for GUARD Guard-1,2026-05-21T17:07:44.940721
5623749522051100,SALARY,150.00,Salary for GUARD Guard-2,2026-05-21T17:07:44.9417221
5623749522844200,SALARY,150.00,Salary for GUARD Guard-3,2026-05-21T17:07:44.9427388
5623749523644500,SALARY,150.00,Salary for TECHNICIAN Tech-1,2026-05-21T17:07:44.9427388
5623749524405700,SALARY,150.00,Salary for TECHNICIAN Tech-2,2026-05-21T17:07:44.9437231
5623749525108900,SALARY,150.00,Salary for GUARD Guard-1,2026-05-21T17:07:44.9447225
5623749525528800,SALARY,150.00,Salary for GUARD Guard-2,2026-05-21T17:07:44.9447225
5623749525887300,SALARY,150.00,Salary for GUARD Guard-3,2026-05-21T17:07:44.9457207
5623749526390600,SALARY,150.00,Salary for TECHNICIAN Tech-1,2026-05-21T17:07:44.9457207
5623749526785200,SALARY,150.00,Salary for TECHNICIAN Tech-2,2026-05-21T17:07:44.9467212
5623749527474800,SALARY,150.00,Salary for GUARD Guard-1,2026-05-21T17:07:44.9467212
5623749527879000,SALARY,150.00,Salary for GUARD Guard-2,2026-05-21T17:07:44.9477258
5623749528944000,SALARY,150.00,Salary for GUARD Guard-3,2026-05-21T17:07:44.9487246
5623749531151400,SALARY,150.00,Salary for TECHNICIAN Tech-1,2026-05-21T17:07:44.950289
5623749531670700,SALARY,150.00,Salary for TECHNICIAN Tech-2,2026-05-21T17:07:44.950289
5623749533064600,SALARY,150.00,Salary for GUARD Guard-1,2026-05-21T17:07:44.9524066
5623749533790600,SALARY,150.00,Salary for GUARD Guard-2,2026-05-21T17:07:44.9534155
5623749534323900,SALARY,150.00,Salary for GUARD Guard-3,2026-05-21T17:07:44.9534155
5623749535349900,SALARY,150.00,Salary for TECHNICIAN Tech-1,2026-05-21T17:07:44.954408
5623749536212000,SALARY,150.00,Salary for TECHNICIAN Tech-2,2026-05-21T17:07:44.9554057
5623749537095500,SALARY,150.00,Salary for GUARD Guard-1,2026-05-21T17:07:44.9564046
5623749538160900,SALARY,150.00,Salary for GUARD Guard-2,2026-05-21T17:07:44.9574067
5623749539086400,SALARY,150.00,Salary for GUARD Guard-3,2026-05-21T17:07:44.9584059
5623749541024500,SALARY,150.00,Salary for TECHNICIAN Tech-1,2026-05-21T17:07:44.9604078
5623749541723900,SALARY,150.00,Salary for TECHNICIAN Tech-2,2026-05-21T17:07:44.9614072
5623749542338800,SALARY,150.00,Salary for GUARD Guard-1,2026-05-21T17:07:44.9614072
5623749542714400,SALARY,150.00,Salary for GUARD Guard-2,2026-05-21T17:07:44.9624063
5623749543038500,SALARY,150.00,Salary for GUARD Guard-3,2026-05-21T17:07:44.9624063
5623749543355200,SALARY,150.00,Salary for TECHNICIAN Tech-1,2026-05-21T17:07:44.9624063
5623749543734300,SALARY,150.00,Salary for TECHNICIAN Tech-2,2026-05-21T17:07:44.9634061
5623749544354800,SALARY,150.00,Salary for GUARD Guard-1,2026-05-21T17:07:44.9634061
5623749544830400,SALARY,150.00,Salary for GUARD Guard-2,2026-05-21T17:07:44.9644075
5623749545211600,SALARY,150.00,Salary for GUARD Guard-3,2026-05-21T17:07:44.9644075
5623749546450000,SALARY,150.00,Salary for TECHNICIAN Tech-1,2026-05-21T17:07:44.9653557
5623749547184900,SALARY,150.00,Salary for TECHNICIAN Tech-2,2026-05-21T17:07:44.9653557
5623749547923300,SALARY,150.00,Salary for GUARD Guard-1,2026-05-21T17:07:44.9653557
5623749548351000,SALARY,150.00,Salary for GUARD Guard-2,2026-05-21T17:07:44.9653557
5623749548757400,SALARY,150.00,Salary for GUARD Guard-3,2026-05-21T17:07:44.9653557
5623749549345100,SALARY,150.00,Salary for TECHNICIAN Tech-1,2026-05-21T17:07:44.9653557
5623749549947300,SALARY,150.00,Salary for TECHNICIAN Tech-2,2026-05-21T17:07:44.9699845
5623749550818500,SALARY,150.00,Salary for GUARD Guard-1,2026-05-21T17:07:44.9699845
5623749551267100,SALARY,150.00,Salary for GUARD Guard-2,2026-05-21T17:07:44.9709752
5623749551629000,SALARY,150.00,Salary for GUARD Guard-3,2026-05-21T17:07:44.9709752
5623749551995800,SALARY,150.00,Salary for TECHNICIAN Tech-1,2026-05-21T17:07:44.9719772
5623749552840000,SALARY,150.00,Salary for TECHNICIAN Tech-2,2026-05-21T17:07:44.9719772
5623749553578500,SALARY,150.00,Salary for GUARD Guard-1,2026-05-21T17:07:44.9729753
5623749554441800,SALARY,150.00,Salary for GUARD Guard-2,2026-05-21T17:07:44.9739979
5623749555158900,SALARY,150.00,Salary for GUARD Guard-3,2026-05-21T17:07:44.9749752
5623749555512800,SALARY,150.00,Salary for TECHNICIAN Tech-1,2026-05-21T17:07:44.9749752
5623749555835100,SALARY,150.00,Salary for TECHNICIAN Tech-2,2026-05-21T17:07:44.9749752
5623749556454700,SALARY,150.00,Salary for GUARD Guard-1,2026-05-21T17:07:44.9759752
5623749556837900,SALARY,150.00,Salary for GUARD Guard-2,2026-05-21T17:07:44.9759752
5623749557191200,SALARY,150.00,Salary for GUARD Guard-3,2026-05-21T17:07:44.9769744
5623749557493600,SALARY,150.00,Salary for TECHNICIAN Tech-1,2026-05-21T17:07:44.9769744
5623749557887300,SALARY,150.00,Salary for TECHNICIAN Tech-2,2026-05-21T17:07:44.9769744
5623749558797700,BLACKOUT_DAMAGE,2000.00,Dańos por apagón masivo,2026-05-21T17:07:44.9779756
5623749559374100,SALARY,150.00,Salary for GUARD Guard-1,2026-05-21T17:07:44.9789782
5623749559653400,SALARY,150.00,Salary for GUARD Guard-2,2026-05-21T17:07:44.9789782
5623749559921800,SALARY,150.00,Salary for GUARD Guard-3,2026-05-21T17:07:44.9789782
5623749560236500,SALARY,150.00,Salary for TECHNICIAN Tech-1,2026-05-21T17:07:44.9799772
5623749560513900,SALARY,150.00,Salary for TECHNICIAN Tech-2,2026-05-21T17:07:44.9799772
5623749562087000,SALARY,150.00,Salary for GUARD Guard-1,2026-05-21T17:07:44.9819392
5623749562836700,SALARY,150.00,Salary for GUARD Guard-2,2026-05-21T17:07:44.9819392
5623749563520000,SALARY,150.00,Salary for GUARD Guard-3,2026-05-21T17:07:44.9819392
5623749564074900,SALARY,150.00,Salary for TECHNICIAN Tech-1,2026-05-21T17:07:44.9819392
5623749564496100,SALARY,150.00,Salary for TECHNICIAN Tech-2,2026-05-21T17:07:44.9819392
5623749565363300,SALARY,150.00,Salary for GUARD Guard-1,2026-05-21T17:07:44.9819392
5623749566889900,SALARY,150.00,Salary for GUARD Guard-2,2026-05-21T17:07:44.9867881
5623749567389000,SALARY,150.00,Salary for GUARD Guard-3,2026-05-21T17:07:44.9867881
5623749567822300,SALARY,150.00,Salary for TECHNICIAN Tech-1,2026-05-21T17:07:44.9877794
5623749568173800,SALARY,150.00,Salary for TECHNICIAN Tech-2,2026-05-21T17:07:44.9877794
5623749568703000,SALARY,150.00,Salary for GUARD Guard-1,2026-05-21T17:07:44.9877794
5623749569043600,SALARY,150.00,Salary for GUARD Guard-2,2026-05-21T17:07:44.9887816
5623749569518500,SALARY,150.00,Salary for GUARD Guard-3,2026-05-21T17:07:44.9887816
5623749569875300,SALARY,150.00,Salary for TECHNICIAN Tech-1,2026-05-21T17:07:44.9897825
5623749570303000,SALARY,150.00,Salary for TECHNICIAN Tech-2,2026-05-21T17:07:44.9897825
5623749571581300,SALARY,150.00,Salary for GUARD Guard-1,2026-05-21T17:07:44.9908011
5623749571951200,SALARY,150.00,Salary for GUARD Guard-2,2026-05-21T17:07:44.991785
5623749572301900,SALARY,150.00,Salary for GUARD Guard-3,2026-05-21T17:07:44.991785
5623749578700700,SALARY,150.00,Salary for TECHNICIAN Tech-1,2026-05-21T17:07:44.9977805
5623749580506700,SALARY,150.00,Salary for TECHNICIAN Tech-2,2026-05-21T17:07:44.9991999
5623749581745500,SALARY,150.00,Salary for GUARD Guard-1,2026-05-21T17:07:44.9991999
5623749583959100,SALARY,150.00,Salary for GUARD Guard-2,2026-05-21T17:07:45.003437
5623749584993600,SALARY,150.00,Salary for GUARD Guard-3,2026-05-21T17:07:45.004431
5623749585631100,SALARY,150.00,Salary for TECHNICIAN Tech-1,2026-05-21T17:07:45.0054295
5623749586251900,SALARY,150.00,Salary for TECHNICIAN Tech-2,2026-05-21T17:07:45.0054295
5623749588484300,SALARY,150.00,Salary for GUARD Guard-1,2026-05-21T17:07:45.008448
5623749589828500,SALARY,150.00,Salary for GUARD Guard-2,2026-05-21T17:07:45.009431
5623749591969200,SALARY,150.00,Salary for GUARD Guard-3,2026-05-21T17:07:45.0114319
5623749592967900,SALARY,150.00,Salary for TECHNICIAN Tech-1,2026-05-21T17:07:45.0124293
5623749594223100,SALARY,150.00,Salary for TECHNICIAN Tech-2,2026-05-21T17:07:45.0134334
5623749598606400,SALARY,150.00,Salary for GUARD Guard-1,2026-05-21T17:07:45.0160304
5623749601299100,SALARY,150.00,Salary for GUARD Guard-2,2026-05-21T17:07:45.020944
5623749602229600,SALARY,150.00,Salary for GUARD Guard-3,2026-05-21T17:07:45.021944
5623749602953700,SALARY,150.00,Salary for TECHNICIAN Tech-1,2026-05-21T17:07:45.022945
5623749603581600,SALARY,150.00,Salary for TECHNICIAN Tech-2,2026-05-21T17:07:45.022945
5623749604931100,SALARY,150.00,Salary for GUARD Guard-1,2026-05-21T17:07:45.0249668
5623749606556700,SALARY,150.00,Salary for GUARD Guard-2,2026-05-21T17:07:45.0259418
5623749607473700,SALARY,150.00,Salary for GUARD Guard-3,2026-05-21T17:07:45.0269427
5623749608390000,SALARY,150.00,Salary for TECHNICIAN Tech-1,2026-05-21T17:07:45.0279423
5623749608985600,SALARY,150.00,Salary for TECHNICIAN Tech-2,2026-05-21T17:07:45.0289417
5623749610249600,SALARY,150.00,Salary for GUARD Guard-1,2026-05-21T17:07:45.0299434
5623749611485000,SALARY,150.00,Salary for GUARD Guard-2,2026-05-21T17:07:45.0327788
5623749615022000,SALARY,150.00,Salary for GUARD Guard-3,2026-05-21T17:07:45.0327788
5623749615567500,SALARY,150.00,Salary for TECHNICIAN Tech-1,2026-05-21T17:07:45.0327788
5623749616654100,SALARY,150.00,Salary for TECHNICIAN Tech-2,2026-05-21T17:07:45.0363006
5623749617444000,SALARY,150.00,Salary for GUARD Guard-1,2026-05-21T17:07:45.0372997
5623749618208400,SALARY,150.00,Salary for GUARD Guard-2,2026-05-21T17:07:45.0372997
5623749618609900,SALARY,150.00,Salary for GUARD Guard-3,2026-05-21T17:07:45.0382964
5623749619004700,SALARY,150.00,Salary for TECHNICIAN Tech-1,2026-05-21T17:07:45.0382964
5623749619473700,SALARY,150.00,Salary for TECHNICIAN Tech-2,2026-05-21T17:07:45.0392976
5623749620756700,SALARY,150.00,Salary for GUARD Guard-1,2026-05-21T17:07:45.0402948
5623749621137600,SALARY,150.00,Salary for GUARD Guard-2,2026-05-21T17:07:45.0402948
5623749622248800,SALARY,150.00,Salary for GUARD Guard-3,2026-05-21T17:07:45.0423304
5623749622879300,SALARY,150.00,Salary for TECHNICIAN Tech-1,2026-05-21T17:07:45.0423304
5623749623199900,SALARY,150.00,Salary for TECHNICIAN Tech-2,2026-05-21T17:07:45.0423304
5623749623775700,SALARY,150.00,Salary for GUARD Guard-1,2026-05-21T17:07:45.0432995
5623749624131200,SALARY,150.00,Salary for GUARD Guard-2,2026-05-21T17:07:45.0432995
5623749624474600,SALARY,150.00,Salary for GUARD Guard-3,2026-05-21T17:07:45.0442997
5623749624788200,SALARY,150.00,Salary for TECHNICIAN Tech-1,2026-05-21T17:07:45.0442997
5623749625094200,SALARY,150.00,Salary for TECHNICIAN Tech-2,2026-05-21T17:07:45.0442997
5623749625739100,SALARY,150.00,Salary for GUARD Guard-1,2026-05-21T17:07:45.0452947
5623749626105200,SALARY,150.00,Salary for GUARD Guard-2,2026-05-21T17:07:45.0452947
5623749626447200,SALARY,150.00,Salary for GUARD Guard-3,2026-05-21T17:07:45.0462978
5623749626752400,SALARY,150.00,Salary for TECHNICIAN Tech-1,2026-05-21T17:07:45.0462978
5623749627043000,SALARY,150.00,Salary for TECHNICIAN Tech-2,2026-05-21T17:07:45.0462978
5623749629979800,SALARY,150.00,Salary for GUARD Guard-1,2026-05-21T17:07:45.0495039
5623749630591200,SALARY,150.00,Salary for GUARD Guard-2,2026-05-21T17:07:45.0495039
5623749631253500,SALARY,150.00,Salary for GUARD Guard-3,2026-05-21T17:07:45.0495039
5623749631617500,SALARY,150.00,Salary for TECHNICIAN Tech-1,2026-05-21T17:07:45.0495039
5623749631923600,SALARY,150.00,Salary for TECHNICIAN Tech-2,2026-05-21T17:07:45.0495039
5623749634051900,STORM_DAMAGE,500.00,Dańos por tormenta torrencial,2026-05-21T17:07:45.053264
5623749635048700,SALARY,150.00,Salary for GUARD Guard-1,2026-05-21T17:07:45.0542578
5623749635388400,SALARY,150.00,Salary for GUARD Guard-2,2026-05-21T17:07:45.0552602
5623749635660800,SALARY,150.00,Salary for GUARD Guard-3,2026-05-21T17:07:45.0552602
5623749636275400,SALARY,150.00,Salary for TECHNICIAN Tech-1,2026-05-21T17:07:45.056257
5623749636646900,SALARY,150.00,Salary for TECHNICIAN Tech-2,2026-05-21T17:07:45.056257
5623749637227000,SALARY,150.00,Salary for GUARD Guard-1,2026-05-21T17:07:45.056257
5623749637594000,SALARY,150.00,Salary for GUARD Guard-2,2026-05-21T17:07:45.0572597
5623749637867600,SALARY,150.00,Salary for GUARD Guard-3,2026-05-21T17:07:45.0572597
5623749638491800,SALARY,150.00,Salary for TECHNICIAN Tech-1,2026-05-21T17:07:45.0582841
5623749639366200,SALARY,150.00,Salary for TECHNICIAN Tech-2,2026-05-21T17:07:45.0592585
5623749639967800,SALARY,150.00,Salary for GUARD Guard-1,2026-05-21T17:07:45.0592585
5623749640318400,SALARY,150.00,Salary for GUARD Guard-2,2026-05-21T17:07:45.0602632
5623749640592000,SALARY,150.00,Salary for GUARD Guard-3,2026-05-21T17:07:45.0602632
5623749641012900,SALARY,150.00,Salary for TECHNICIAN Tech-1,2026-05-21T17:07:45.0602632
5623749641290800,SALARY,150.00,Salary for TECHNICIAN Tech-2,2026-05-21T17:07:45.0612585
5623749641746000,SALARY,150.00,Salary for GUARD Guard-1,2026-05-21T17:07:45.0612585
5623749642027700,SALARY,150.00,Salary for GUARD Guard-2,2026-05-21T17:07:45.0612585
5623749642317200,SALARY,150.00,Salary for GUARD Guard-3,2026-05-21T17:07:45.0622602
5623749642581100,SALARY,150.00,Salary for TECHNICIAN Tech-1,2026-05-21T17:07:45.0622602
5623749642832100,SALARY,150.00,Salary for TECHNICIAN Tech-2,2026-05-21T17:07:45.0622602
5623749643299300,SALARY,150.00,Salary for GUARD Guard-1,2026-05-21T17:07:45.0632626
5623749643646600,SALARY,150.00,Salary for GUARD Guard-2,2026-05-21T17:07:45.0632626
5623749643969500,SALARY,150.00,Salary for GUARD Guard-3,2026-05-21T17:07:45.0632626
5623749644253900,SALARY,150.00,Salary for TECHNICIAN Tech-1,2026-05-21T17:07:45.0642609
5623749645910700,SALARY,150.00,Salary for TECHNICIAN Tech-2,2026-05-21T17:07:45.0652589
5623749646570400,SALARY,150.00,Salary for GUARD Guard-1,2026-05-21T17:07:45.0662625
5623749648161100,SALARY,150.00,Salary for GUARD Guard-2,2026-05-21T17:07:45.0679963
5623749651103000,SALARY,150.00,Salary for GUARD Guard-3,2026-05-21T17:07:45.0705087
5623749664875500,SALARY,150.00,Salary for TECHNICIAN Tech-1,2026-05-21T17:07:45.0827728
5623749665438400,SALARY,150.00,Salary for TECHNICIAN Tech-2,2026-05-21T17:07:45.0827728
5623749666988600,SALARY,150.00,Salary for GUARD Guard-1,2026-05-21T17:07:45.0867804
5623749667441900,SALARY,150.00,Salary for GUARD Guard-2,2026-05-21T17:07:45.0867804
5623749667811400,SALARY,150.00,Salary for GUARD Guard-3,2026-05-21T17:07:45.087779
5623749668153200,SALARY,150.00,Salary for TECHNICIAN Tech-1,2026-05-21T17:07:45.087779
5623749668484800,SALARY,150.00,Salary for TECHNICIAN Tech-2,2026-05-21T17:07:45.087779
5623749670230900,SALARY,150.00,Salary for GUARD Guard-1,2026-05-21T17:07:45.0894416
5623749672045800,SALARY,150.00,Salary for GUARD Guard-2,2026-05-21T17:07:45.0894416
5623749672885800,SALARY,150.00,Salary for GUARD Guard-3,2026-05-21T17:07:45.0894416
5623749673229700,SALARY,150.00,Salary for TECHNICIAN Tech-1,2026-05-21T17:07:45.0894416
5623749673535700,SALARY,150.00,Salary for TECHNICIAN Tech-2,2026-05-21T17:07:45.0894416
5623749674067800,SALARY,150.00,Salary for GUARD Guard-1,2026-05-21T17:07:45.0894416
5623749674416600,SALARY,150.00,Salary for GUARD Guard-2,2026-05-21T17:07:45.0894416
5623749674730800,SALARY,150.00,Salary for GUARD Guard-3,2026-05-21T17:07:45.0894416
5623749675014700,SALARY,150.00,Salary for TECHNICIAN Tech-1,2026-05-21T17:07:45.0894416
5623749675295000,SALARY,150.00,Salary for TECHNICIAN Tech-2,2026-05-21T17:07:45.0894416
5623749675832100,SALARY,150.00,Salary for GUARD Guard-1,2026-05-21T17:07:45.0894416
5623749676150700,SALARY,150.00,Salary for GUARD Guard-2,2026-05-21T17:07:45.0894416
5623749676443500,SALARY,150.00,Salary for GUARD Guard-3,2026-05-21T17:07:45.0894416
5623749676734500,SALARY,150.00,Salary for TECHNICIAN Tech-1,2026-05-21T17:07:45.0894416
5623749677026300,SALARY,150.00,Salary for TECHNICIAN Tech-2,2026-05-21T17:07:45.0894416
5623749677533700,SALARY,150.00,Salary for GUARD Guard-1,2026-05-21T17:07:45.0894416
5623749678485900,SALARY,150.00,Salary for GUARD Guard-2,2026-05-21T17:07:45.0894416
5623749679074100,SALARY,150.00,Salary for GUARD Guard-3,2026-05-21T17:07:45.0894416
5623749679496100,SALARY,150.00,Salary for TECHNICIAN Tech-1,2026-05-21T17:07:45.0894416
5623749679822300,SALARY,150.00,Salary for TECHNICIAN Tech-2,2026-05-21T17:07:45.0894416
5623749680439800,SALARY,150.00,Salary for GUARD Guard-1,2026-05-21T17:07:45.0894416
5623749680833300,SALARY,150.00,Salary for GUARD Guard-2,2026-05-21T17:07:45.0894416
5623749681282400,SALARY,150.00,Salary for GUARD Guard-3,2026-05-21T17:07:45.0894416
5623749681624200,SALARY,150.00,Salary for TECHNICIAN Tech-1,2026-05-21T17:07:45.0894416
5623749681921500,SALARY,150.00,Salary for TECHNICIAN Tech-2,2026-05-21T17:07:45.0894416
5623749682905300,SALARY,150.00,Salary for GUARD Guard-1,2026-05-21T17:07:45.0894416
5623749683546400,SALARY,150.00,Salary for GUARD Guard-2,2026-05-21T17:07:45.1033069
5623749683973400,SALARY,150.00,Salary for GUARD Guard-3,2026-05-21T17:07:45.1033069
5623749684322500,SALARY,150.00,Salary for TECHNICIAN Tech-1,2026-05-21T17:07:45.1042933
5623749684637300,SALARY,150.00,Salary for TECHNICIAN Tech-2,2026-05-21T17:07:45.1042933
5623749685199500,SALARY,150.00,Salary for GUARD Guard-1,2026-05-21T17:07:45.1042933
5623749685679400,SALARY,150.00,Salary for GUARD Guard-2,2026-05-21T17:07:45.1052963
5623749686270900,SALARY,150.00,Salary for GUARD Guard-3,2026-05-21T17:07:45.1062957
5623749686727200,SALARY,150.00,Salary for TECHNICIAN Tech-1,2026-05-21T17:07:45.1062957
5623749687090900,SALARY,150.00,Salary for TECHNICIAN Tech-2,2026-05-21T17:07:45.1062957
5623749687720300,SALARY,150.00,Salary for GUARD Guard-1,2026-05-21T17:07:45.1072959
5623749688207400,SALARY,150.00,Salary for GUARD Guard-2,2026-05-21T17:07:45.1072959
5623749688603900,SALARY,150.00,Salary for GUARD Guard-3,2026-05-21T17:07:45.1082953
5623749688982500,SALARY,150.00,Salary for TECHNICIAN Tech-1,2026-05-21T17:07:45.1082953
5623749689305700,SALARY,150.00,Salary for TECHNICIAN Tech-2,2026-05-21T17:07:45.1092946
5623749689969500,SALARY,150.00,Salary for GUARD Guard-1,2026-05-21T17:07:45.1092946
5623749690379300,SALARY,150.00,Salary for GUARD Guard-2,2026-05-21T17:07:45.1102978
5623749690695200,SALARY,150.00,Salary for GUARD Guard-3,2026-05-21T17:07:45.1102978
5623749690984500,SALARY,150.00,Salary for TECHNICIAN Tech-1,2026-05-21T17:07:45.1102978
5623749691343400,SALARY,150.00,Salary for TECHNICIAN Tech-2,2026-05-21T17:07:45.1112969
5623749691886600,SALARY,150.00,Salary for GUARD Guard-1,2026-05-21T17:07:45.1112969
5623749692229600,SALARY,150.00,Salary for GUARD Guard-2,2026-05-21T17:07:45.1112969
5623749692536700,SALARY,150.00,Salary for GUARD Guard-3,2026-05-21T17:07:45.1122955
5623749692814100,SALARY,150.00,Salary for TECHNICIAN Tech-1,2026-05-21T17:07:45.1122955
5623749693101500,SALARY,150.00,Salary for TECHNICIAN Tech-2,2026-05-21T17:07:45.1122955
5623749693830700,SALARY,150.00,Salary for GUARD Guard-1,2026-05-21T17:07:45.1132937
5623749694193100,SALARY,150.00,Salary for GUARD Guard-2,2026-05-21T17:07:45.1132937
5623749694501600,SALARY,150.00,Salary for GUARD Guard-3,2026-05-21T17:07:45.1142974
5623749694786900,SALARY,150.00,Salary for TECHNICIAN Tech-1,2026-05-21T17:07:45.1142974
5623749695107200,SALARY,150.00,Salary for TECHNICIAN Tech-2,2026-05-21T17:07:45.1142974
5623749695703500,SALARY,150.00,Salary for GUARD Guard-1,2026-05-21T17:07:45.1152973
5623749696049400,SALARY,150.00,Salary for GUARD Guard-2,2026-05-21T17:07:45.1152973
5623749696388100,SALARY,150.00,Salary for GUARD Guard-3,2026-05-21T17:07:45.1162968
5623749697043700,SALARY,150.00,Salary for TECHNICIAN Tech-1,2026-05-21T17:07:45.1162968
5623749697854000,SALARY,150.00,Salary for TECHNICIAN Tech-2,2026-05-21T17:07:45.1174658
5623749699910400,SALARY,150.00,Salary for GUARD Guard-1,2026-05-21T17:07:45.1193889
5623749700385900,SALARY,150.00,Salary for GUARD Guard-2,2026-05-21T17:07:45.1203918
5623749700922800,SALARY,150.00,Salary for GUARD Guard-3,2026-05-21T17:07:45.1203918
5623749701506700,SALARY,150.00,Salary for TECHNICIAN Tech-1,2026-05-21T17:07:45.1213876
5623749702758400,SALARY,150.00,Salary for TECHNICIAN Tech-2,2026-05-21T17:07:45.1225288
5623749709036300,SALARY,150.00,Salary for GUARD Guard-1,2026-05-21T17:07:45.1225288
5623749709693900,SALARY,150.00,Salary for GUARD Guard-2,2026-05-21T17:07:45.1225288
5623749710214700,SALARY,150.00,Salary for GUARD Guard-3,2026-05-21T17:07:45.1225288
5623749711364300,SALARY,150.00,Salary for TECHNICIAN Tech-1,2026-05-21T17:07:45.1225288
5623749712121800,SALARY,150.00,Salary for TECHNICIAN Tech-2,2026-05-21T17:07:45.1225288
5623749712882200,SALARY,150.00,Salary for GUARD Guard-1,2026-05-21T17:07:45.1225288
5623749713271400,SALARY,150.00,Salary for GUARD Guard-2,2026-05-21T17:07:45.1225288
5623749713557300,SALARY,150.00,Salary for GUARD Guard-3,2026-05-21T17:07:45.1225288
5623749713830500,SALARY,150.00,Salary for TECHNICIAN Tech-1,2026-05-21T17:07:45.1225288
5623749714128200,SALARY,150.00,Salary for TECHNICIAN Tech-2,2026-05-21T17:07:45.1225288
5623749714565000,SALARY,150.00,Salary for GUARD Guard-1,2026-05-21T17:07:45.1225288
5623749714971000,SALARY,150.00,Salary for GUARD Guard-2,2026-05-21T17:07:45.1225288
5623749715333300,SALARY,150.00,Salary for GUARD Guard-3,2026-05-21T17:07:45.1225288
5623749716961100,SALARY,150.00,Salary for TECHNICIAN Tech-1,2026-05-21T17:07:45.1366126
5623749717423100,SALARY,150.00,Salary for TECHNICIAN Tech-2,2026-05-21T17:07:45.1366126
5623749718041800,SALARY,150.00,Salary for GUARD Guard-1,2026-05-21T17:07:45.1376084
5623749718422400,SALARY,150.00,Salary for GUARD Guard-2,2026-05-21T17:07:45.1376084
5623749718993500,SALARY,150.00,Salary for GUARD Guard-3,2026-05-21T17:07:45.138606
5623749719308800,SALARY,150.00,Salary for TECHNICIAN Tech-1,2026-05-21T17:07:45.138606
5623749719593400,SALARY,150.00,Salary for TECHNICIAN Tech-2,2026-05-21T17:07:45.1396085
5623749720082300,SALARY,150.00,Salary for GUARD Guard-1,2026-05-21T17:07:45.1396085
5623749720623100,SALARY,150.00,Salary for GUARD Guard-2,2026-05-21T17:07:45.1406096
5623749721030400,SALARY,150.00,Salary for GUARD Guard-3,2026-05-21T17:07:45.1406096
5623749721397200,SALARY,150.00,Salary for TECHNICIAN Tech-1,2026-05-21T17:07:45.1406096
5623749721716700,SALARY,150.00,Salary for TECHNICIAN Tech-2,2026-05-21T17:07:45.1416092
5623749722260900,SALARY,150.00,Salary for GUARD Guard-1,2026-05-21T17:07:45.1416092
5623749722613400,SALARY,150.00,Salary for GUARD Guard-2,2026-05-21T17:07:45.1426097
5623749722964300,SALARY,150.00,Salary for GUARD Guard-3,2026-05-21T17:07:45.1426097
5623749723245000,SALARY,150.00,Salary for TECHNICIAN Tech-1,2026-05-21T17:07:45.1426097
5623749723556300,SALARY,150.00,Salary for TECHNICIAN Tech-2,2026-05-21T17:07:45.1426097
5623749724027300,SALARY,150.00,Salary for GUARD Guard-1,2026-05-21T17:07:45.1436086
5623749724336600,SALARY,150.00,Salary for GUARD Guard-2,2026-05-21T17:07:45.1436086
5623749724691800,SALARY,150.00,Salary for GUARD Guard-3,2026-05-21T17:07:45.1446075
5623749724967100,SALARY,150.00,Salary for TECHNICIAN Tech-1,2026-05-21T17:07:45.1446075
5623749725287900,SALARY,150.00,Salary for TECHNICIAN Tech-2,2026-05-21T17:07:45.1446075
5623749725760100,SALARY,150.00,Salary for GUARD Guard-1,2026-05-21T17:07:45.145609
5623749726132300,SALARY,150.00,Salary for GUARD Guard-2,2026-05-21T17:07:45.145609
5623749726499900,SALARY,150.00,Salary for GUARD Guard-3,2026-05-21T17:07:45.145609
5623749726798500,SALARY,150.00,Salary for TECHNICIAN Tech-1,2026-05-21T17:07:45.1466093
5623749727450500,SALARY,150.00,Salary for TECHNICIAN Tech-2,2026-05-21T17:07:45.1466093
5623749728270400,SALARY,150.00,Salary for GUARD Guard-1,2026-05-21T17:07:45.1479656
5623749728877600,SALARY,150.00,Salary for GUARD Guard-2,2026-05-21T17:07:45.1479656
5623749729627400,SALARY,150.00,Salary for GUARD Guard-3,2026-05-21T17:07:45.1479656
5623749730050700,SALARY,150.00,Salary for TECHNICIAN Tech-1,2026-05-21T17:07:45.1479656
5623749730441500,SALARY,150.00,Salary for TECHNICIAN Tech-2,2026-05-21T17:07:45.1479656
5623749730954100,SALARY,150.00,Salary for GUARD Guard-1,2026-05-21T17:07:45.1479656
5623749731426000,SALARY,150.00,Salary for GUARD Guard-2,2026-05-21T17:07:45.1479656
5623749731855000,SALARY,150.00,Salary for GUARD Guard-3,2026-05-21T17:07:45.1479656
5623749732242900,SALARY,150.00,Salary for TECHNICIAN Tech-1,2026-05-21T17:07:45.1524011
5623749732911800,SALARY,150.00,Salary for TECHNICIAN Tech-2,2026-05-21T17:07:45.1524011
5623749733440000,SALARY,150.00,Salary for GUARD Guard-1,2026-05-21T17:07:45.1533996
5623749733765300,SALARY,150.00,Salary for GUARD Guard-2,2026-05-21T17:07:45.1533996
5623749734161400,SALARY,150.00,Salary for GUARD Guard-3,2026-05-21T17:07:45.1533996
5623749734631100,SALARY,150.00,Salary for TECHNICIAN Tech-1,2026-05-21T17:07:45.1544002
5623749735455900,SALARY,150.00,Salary for TECHNICIAN Tech-2,2026-05-21T17:07:45.1549998
5623749736705300,SALARY,150.00,Salary for GUARD Guard-1,2026-05-21T17:07:45.1549998
5623749737894000,SALARY,150.00,Salary for GUARD Guard-2,2026-05-21T17:07:45.1549998
5623749738369300,SALARY,150.00,Salary for GUARD Guard-3,2026-05-21T17:07:45.1549998
5623749738730400,SALARY,150.00,Salary for TECHNICIAN Tech-1,2026-05-21T17:07:45.1549998
5623749739049700,SALARY,150.00,Salary for TECHNICIAN Tech-2,2026-05-21T17:07:45.1549998
5623749739645200,SALARY,150.00,Salary for GUARD Guard-1,2026-05-21T17:07:45.1549998
5623749740056300,SALARY,150.00,Salary for GUARD Guard-2,2026-05-21T17:07:45.1549998
5623749740569500,SALARY,150.00,Salary for GUARD Guard-3,2026-05-21T17:07:45.1549998
5623749740917800,SALARY,150.00,Salary for TECHNICIAN Tech-1,2026-05-21T17:07:45.1549998
5623749741274000,SALARY,150.00,Salary for TECHNICIAN Tech-2,2026-05-21T17:07:45.1549998
5623749742043500,SALARY,150.00,Salary for GUARD Guard-1,2026-05-21T17:07:45.1549998
5623749742466900,SALARY,150.00,Salary for GUARD Guard-2,2026-05-21T17:07:45.1549998
5623749742779900,SALARY,150.00,Salary for GUARD Guard-3,2026-05-21T17:07:45.1549998
5623749743164100,SALARY,150.00,Salary for TECHNICIAN Tech-1,2026-05-21T17:07:45.1549998
5623749744082600,SALARY,150.00,Salary for TECHNICIAN Tech-2,2026-05-21T17:07:45.1549998
5623749745272100,SALARY,150.00,Salary for GUARD Guard-1,2026-05-21T17:07:45.1549998
5623749745866100,SALARY,150.00,Salary for GUARD Guard-2,2026-05-21T17:07:45.1549998
5623749746355000,SALARY,150.00,Salary for GUARD Guard-3,2026-05-21T17:07:45.1549998
5623749746763100,SALARY,150.00,Salary for TECHNICIAN Tech-1,2026-05-21T17:07:45.1549998
5623749747265200,SALARY,150.00,Salary for TECHNICIAN Tech-2,2026-05-21T17:07:45.1549998
5623749748100200,SALARY,150.00,Salary for GUARD Guard-1,2026-05-21T17:07:45.1549998
5623749748583700,SALARY,150.00,Salary for GUARD Guard-2,2026-05-21T17:07:45.1549998
5623749750144900,SALARY,150.00,Salary for GUARD Guard-3,2026-05-21T17:07:45.1697933
5623749752072600,SALARY,150.00,Salary for TECHNICIAN Tech-1,2026-05-21T17:07:45.1717856
5623749752842600,SALARY,150.00,Salary for TECHNICIAN Tech-2,2026-05-21T17:07:45.1727839
